{
  "@context": [
    "https://w3id.org/ro/crate/1.1/context",
    {
      "@base": "urn:uuid:01955ba6-bed5-7645-a126-a9fb3cbb2262"
    }
  ],
  "@graph": [
    {
      "@id": "ro-crate-metadata.json",
      "@type": "CreativeWork",
      "conformsTo": {
        "@id": "https://w3id.org/ro/crate/1.1"
      },
      "about": {
        "@id": "./"
      }
    },
    {
      "@id": "./",
      "@type": "Dataset",
      "name": "Example Crate",
      "description": "Description of the Example Crate",
      "datePublished": "2017",
      "license": {
        "@id": "https://creativecommons.org/licenses/by-nc-sa/3.0/au/"
      },
      "author": {
        "@id": "#johndoe"
      }
    },
    {
      "@id": "output/data_file.txt",
      "@type": "Dataset",
      "name": "Data file name"
    },
    {
      "@id": "#JohnDoe",
      "@type": "Person"
    },
    {
      "@id": "this_is_not_a_file.txt",
      "@type": "Dataset"
    }
  ]
}